run_id,train_size,seed,image_id,domain,tp,fp,fn,invalid_pixels,invalid_output,precision_standard,recall_standard,f1_standard,precision_legacy,recall_legacy,f1_legacy,result_image
week03_TS05_mixed_robustdomain_GP_G10000_seed42,5,42,111,thin,638,561,671,0,0,0.5321100917,0.4873949580,0.5087719298,0.5321100917,0.4873949580,0.5087719298,./imgs_0710_2026_v1/output/train_replay_standardF1/resImgs/week03_TS05_mixed_robustdomain_GP_G10000_seed42_train_crack_00111.png
week03_TS05_mixed_robustdomain_GP_G10000_seed42,5,42,114,thin,997,659,342,0,0,0.6020531401,0.7445855116,0.6657762938,0.6020531401,0.7445855116,0.6657762938,./imgs_0710_2026_v1/output/train_replay_standardF1/resImgs/week03_TS05_mixed_robustdomain_GP_G10000_seed42_train_crack_00114.png
week03_TS05_mixed_robustdomain_GP_G10000_seed42,5,42,119,thick,11804,2779,3919,0,0,0.8094356442,0.7507473129,0.7789876592,0.8094356442,0.7507473129,0.7789876592,./imgs_0710_2026_v1/output/train_replay_standardF1/resImgs/week03_TS05_mixed_robustdomain_GP_G10000_seed42_train_crack_00119.png
week03_TS05_mixed_robustdomain_GP_G10000_seed42,5,42,122,thick,11583,5302,2407,0,0,0.6859934853,0.8279485347,0.7503157895,0.6859934853,0.8279485347,0.7503157895,./imgs_0710_2026_v1/output/train_replay_standardF1/resImgs/week03_TS05_mixed_robustdomain_GP_G10000_seed42_train_crack_00122.png
week03_TS05_mixed_robustdomain_GP_G10000_seed42,5,42,126,thick,5741,3404,1510,0,0,0.6277747403,0.7917528617,0.7002927543,0.6277747403,0.7917528617,0.7002927543,./imgs_0710_2026_v1/output/train_replay_standardF1/resImgs/week03_TS05_mixed_robustdomain_GP_G10000_seed42_train_crack_00126.png
week03_TS05_mixed_robustdomain_GP_G10000_seed43,5,43,111,thin,728,508,581,0,0,0.5889967638,0.5561497326,0.5721021611,0.5889967638,0.5561497326,0.5721021611,./imgs_0710_2026_v1/output/train_replay_standardF1/resImgs/week03_TS05_mixed_robustdomain_GP_G10000_seed43_train_crack_00111.png
week03_TS05_mixed_robustdomain_GP_G10000_seed43,5,43,114,thin,1037,498,302,0,0,0.6755700326,0.7744585512,0.7216423104,0.6755700326,0.7744585512,0.7216423104,./imgs_0710_2026_v1/output/train_replay_standardF1/resImgs/week03_TS05_mixed_robustdomain_GP_G10000_seed43_train_crack_00114.png
week03_TS05_mixed_robustdomain_GP_G10000_seed43,5,43,119,thick,13063,1227,2660,0,0,0.9141357593,0.8308210901,0.8704894546,0.9141357593,0.8308210901,0.8704894546,./imgs_0710_2026_v1/output/train_replay_standardF1/resImgs/week03_TS05_mixed_robustdomain_GP_G10000_seed43_train_crack_00119.png
week03_TS05_mixed_robustdomain_GP_G10000_seed43,5,43,122,thick,12420,4392,1570,0,0,0.7387580300,0.8877769836,0.8064411402,0.7387580300,0.8877769836,0.8064411402,./imgs_0710_2026_v1/output/train_replay_standardF1/resImgs/week03_TS05_mixed_robustdomain_GP_G10000_seed43_train_crack_00122.png
week03_TS05_mixed_robustdomain_GP_G10000_seed43,5,43,126,thick,6249,2170,1002,0,0,0.7422496734,0.8618121638,0.7975749840,0.7422496734,0.8618121638,0.7975749840,./imgs_0710_2026_v1/output/train_replay_standardF1/resImgs/week03_TS05_mixed_robustdomain_GP_G10000_seed43_train_crack_00126.png
week03_TS05_mixed_robustdomain_GP_G10000_seed44,5,44,111,thin,762,751,547,0,0,0.5036351619,0.5821237586,0.5400425230,0.5036351619,0.5821237586,0.5400425230,./imgs_0710_2026_v1/output/train_replay_standardF1/resImgs/week03_TS05_mixed_robustdomain_GP_G10000_seed44_train_crack_00111.png
week03_TS05_mixed_robustdomain_GP_G10000_seed44,5,44,114,thin,1042,688,297,0,0,0.6023121387,0.7781926811,0.6790485500,0.6023121387,0.7781926811,0.6790485500,./imgs_0710_2026_v1/output/train_replay_standardF1/resImgs/week03_TS05_mixed_robustdomain_GP_G10000_seed44_train_crack_00114.png
week03_TS05_mixed_robustdomain_GP_G10000_seed44,5,44,119,thick,12170,1835,3553,0,0,0.8689753659,0.7740253132,0.8187567277,0.8689753659,0.7740253132,0.8187567277,./imgs_0710_2026_v1/output/train_replay_standardF1/resImgs/week03_TS05_mixed_robustdomain_GP_G10000_seed44_train_crack_00119.png
week03_TS05_mixed_robustdomain_GP_G10000_seed44,5,44,122,thick,12057,3479,1933,0,0,0.7760684861,0.8618298785,0.8167039220,0.7760684861,0.8618298785,0.8167039220,./imgs_0710_2026_v1/output/train_replay_standardF1/resImgs/week03_TS05_mixed_robustdomain_GP_G10000_seed44_train_crack_00122.png
week03_TS05_mixed_robustdomain_GP_G10000_seed44,5,44,126,thick,6579,8925,672,0,0,0.4243421053,0.9073231278,0.5782465392,0.4243421053,0.9073231278,0.5782465392,./imgs_0710_2026_v1/output/train_replay_standardF1/resImgs/week03_TS05_mixed_robustdomain_GP_G10000_seed44_train_crack_00126.png
week03_TS05_mixed_robustdomain_GP_G10000_seed45,5,45,111,thin,746,806,563,0,0,0.4806701031,0.5699006875,0.5214959804,0.4806701031,0.5699006875,0.5214959804,./imgs_0710_2026_v1/output/train_replay_standardF1/resImgs/week03_TS05_mixed_robustdomain_GP_G10000_seed45_train_crack_00111.png
week03_TS05_mixed_robustdomain_GP_G10000_seed45,5,45,114,thin,1064,744,275,0,0,0.5884955752,0.7946228529,0.6761995551,0.5884955752,0.7946228529,0.6761995551,./imgs_0710_2026_v1/output/train_replay_standardF1/resImgs/week03_TS05_mixed_robustdomain_GP_G10000_seed45_train_crack_00114.png
week03_TS05_mixed_robustdomain_GP_G10000_seed45,5,45,119,thick,12754,1244,2969,0,0,0.9111301615,0.8111683521,0.8582483766,0.9111301615,0.8111683521,0.8582483766,./imgs_0710_2026_v1/output/train_replay_standardF1/resImgs/week03_TS05_mixed_robustdomain_GP_G10000_seed45_train_crack_00119.png
week03_TS05_mixed_robustdomain_GP_G10000_seed45,5,45,122,thick,12592,3317,1398,0,0,0.7915016657,0.9000714796,0.8423024181,0.7915016657,0.9000714796,0.8423024181,./imgs_0710_2026_v1/output/train_replay_standardF1/resImgs/week03_TS05_mixed_robustdomain_GP_G10000_seed45_train_crack_00122.png
week03_TS05_mixed_robustdomain_GP_G10000_seed45,5,45,126,thick,6201,3458,1050,0,0,0.6419919246,0.8551923873,0.7334121821,0.6419919246,0.8551923873,0.7334121821,./imgs_0710_2026_v1/output/train_replay_standardF1/resImgs/week03_TS05_mixed_robustdomain_GP_G10000_seed45_train_crack_00126.png
week03_TS05_mixed_robustdomain_GP_G10000_seed46,5,46,111,thin,637,540,672,0,0,0.5412064571,0.4866310160,0.5124698311,0.5412064571,0.4866310160,0.5124698311,./imgs_0710_2026_v1/output/train_replay_standardF1/resImgs/week03_TS05_mixed_robustdomain_GP_G10000_seed46_train_crack_00111.png
week03_TS05_mixed_robustdomain_GP_G10000_seed46,5,46,114,thin,998,547,341,0,0,0.6459546926,0.7453323376,0.6920943135,0.6459546926,0.7453323376,0.6920943135,./imgs_0710_2026_v1/output/train_replay_standardF1/resImgs/week03_TS05_mixed_robustdomain_GP_G10000_seed46_train_crack_00114.png
week03_TS05_mixed_robustdomain_GP_G10000_seed46,5,46,119,thick,11884,2032,3839,0,0,0.8539810290,0.7558354004,0.8019163939,0.8539810290,0.7558354004,0.8019163939,./imgs_0710_2026_v1/output/train_replay_standardF1/resImgs/week03_TS05_mixed_robustdomain_GP_G10000_seed46_train_crack_00119.png
week03_TS05_mixed_robustdomain_GP_G10000_seed46,5,46,122,thick,11623,3800,2367,0,0,0.7536147312,0.8308077198,0.7903308061,0.7536147312,0.8308077198,0.7903308061,./imgs_0710_2026_v1/output/train_replay_standardF1/resImgs/week03_TS05_mixed_robustdomain_GP_G10000_seed46_train_crack_00122.png
week03_TS05_mixed_robustdomain_GP_G10000_seed46,5,46,126,thick,6646,5816,605,0,0,0.5333012358,0.9165632327,0.6742758586,0.5333012358,0.9165632327,0.6742758586,./imgs_0710_2026_v1/output/train_replay_standardF1/resImgs/week03_TS05_mixed_robustdomain_GP_G10000_seed46_train_crack_00126.png
week03_TS05_mixed_robustdomain_GP_G10000_seed47,5,47,111,thin,693,350,616,0,0,0.6644295302,0.5294117647,0.5892857143,0.6644295302,0.5294117647,0.5892857143,./imgs_0710_2026_v1/output/train_replay_standardF1/resImgs/week03_TS05_mixed_robustdomain_GP_G10000_seed47_train_crack_00111.png
week03_TS05_mixed_robustdomain_GP_G10000_seed47,5,47,114,thin,945,472,394,0,0,0.6669019054,0.7057505601,0.6857764877,0.6669019054,0.7057505601,0.6857764877,./imgs_0710_2026_v1/output/train_replay_standardF1/resImgs/week03_TS05_mixed_robustdomain_GP_G10000_seed47_train_crack_00114.png
week03_TS05_mixed_robustdomain_GP_G10000_seed47,5,47,119,thick,12763,1482,2960,0,0,0.8959634960,0.8117407619,0.8517752269,0.8959634960,0.8117407619,0.8517752269,./imgs_0710_2026_v1/output/train_replay_standardF1/resImgs/week03_TS05_mixed_robustdomain_GP_G10000_seed47_train_crack_00119.png
week03_TS05_mixed_robustdomain_GP_G10000_seed47,5,47,122,thick,12466,3574,1524,0,0,0.7771820449,0.8910650465,0.8302364302,0.7771820449,0.8910650465,0.8302364302,./imgs_0710_2026_v1/output/train_replay_standardF1/resImgs/week03_TS05_mixed_robustdomain_GP_G10000_seed47_train_crack_00122.png
week03_TS05_mixed_robustdomain_GP_G10000_seed47,5,47,126,thick,6127,2185,1124,0,0,0.7371270452,0.8449868984,0.7873803251,0.7371270452,0.8449868984,0.7873803251,./imgs_0710_2026_v1/output/train_replay_standardF1/resImgs/week03_TS05_mixed_robustdomain_GP_G10000_seed47_train_crack_00126.png
week03_TS10_mixed_robustdomain_GP_G10000_seed42,10,42,111,thin,831,611,478,0,0,0.5762829404,0.6348357525,0.6041439477,0.5762829404,0.6348357525,0.6041439477,./imgs_0710_2026_v1/output/train_replay_standardF1/resImgs/week03_TS10_mixed_robustdomain_GP_G10000_seed42_train_crack_00111.png
week03_TS10_mixed_robustdomain_GP_G10000_seed42,10,42,112,thin,831,770,534,0,0,0.5190505934,0.6087912088,0.5603506406,0.5190505934,0.6087912088,0.5603506406,./imgs_0710_2026_v1/output/train_replay_standardF1/resImgs/week03_TS10_mixed_robustdomain_GP_G10000_seed42_train_crack_00112.png
week03_TS10_mixed_robustdomain_GP_G10000_seed42,10,42,114,thin,1042,565,297,0,0,0.6484131923,0.7781926811,0.7073998642,0.6484131923,0.7781926811,0.7073998642,./imgs_0710_2026_v1/output/train_replay_standardF1/resImgs/week03_TS10_mixed_robustdomain_GP_G10000_seed42_train_crack_00114.png
week03_TS10_mixed_robustdomain_GP_G10000_seed42,10,42,116,thin,439,158,849,0,0,0.7353433836,0.3408385093,0.4657824934,0.7353433836,0.3408385093,0.4657824934,./imgs_0710_2026_v1/output/train_replay_standardF1/resImgs/week03_TS10_mixed_robustdomain_GP_G10000_seed42_train_crack_00116.png
week03_TS10_mixed_robustdomain_GP_G10000_seed42,10,42,119,thick,12327,1560,3396,0,0,0.8876647224,0.7840106850,0.8326241135,0.8876647224,0.7840106850,0.8326241135,./imgs_0710_2026_v1/output/train_replay_standardF1/resImgs/week03_TS10_mixed_robustdomain_GP_G10000_seed42_train_crack_00119.png
week03_TS10_mixed_robustdomain_GP_G10000_seed42,10,42,121,thick,9772,2809,3490,0,0,0.7767268103,0.7368421053,0.7562589483,0.7767268103,0.7368421053,0.7562589483,./imgs_0710_2026_v1/output/train_replay_standardF1/resImgs/week03_TS10_mixed_robustdomain_GP_G10000_seed42_train_crack_00121.png
week03_TS10_mixed_robustdomain_GP_G10000_seed42,10,42,122,thick,11916,4525,2074,0,0,0.7247734323,0.8517512509,0.7831487628,0.7247734323,0.8517512509,0.7831487628,./imgs_0710_2026_v1/output/train_replay_standardF1/resImgs/week03_TS10_mixed_robustdomain_GP_G10000_seed42_train_crack_00122.png
week03_TS10_mixed_robustdomain_GP_G10000_seed42,10,42,125,thick,8444,3279,1000,0,0,0.7202934402,0.8941126641,0.7978457032,0.7202934402,0.8941126641,0.7978457032,./imgs_0710_2026_v1/output/train_replay_standardF1/resImgs/week03_TS10_mixed_robustdomain_GP_G10000_seed42_train_crack_00125.png
week03_TS10_mixed_robustdomain_GP_G10000_seed42,10,42,126,thick,6275,16492,976,0,0,0.2756182194,0.8653978762,0.4180824838,0.2756182194,0.8653978762,0.4180824838,./imgs_0710_2026_v1/output/train_replay_standardF1/resImgs/week03_TS10_mixed_robustdomain_GP_G10000_seed42_train_crack_00126.png
week03_TS10_mixed_robustdomain_GP_G10000_seed42,10,42,130,thick,5709,8747,630,0,0,0.3949225235,0.9006152390,0.5490742967,0.3949225235,0.9006152390,0.5490742967,./imgs_0710_2026_v1/output/train_replay_standardF1/resImgs/week03_TS10_mixed_robustdomain_GP_G10000_seed42_train_crack_00130.png
week03_TS10_mixed_robustdomain_GP_G10000_seed43,10,43,111,thin,771,800,538,0,0,0.4907702101,0.5889992361,0.5354166667,0.4907702101,0.5889992361,0.5354166667,./imgs_0710_2026_v1/output/train_replay_standardF1/resImgs/week03_TS10_mixed_robustdomain_GP_G10000_seed43_train_crack_00111.png
week03_TS10_mixed_robustdomain_GP_G10000_seed43,10,43,112,thin,742,1085,623,0,0,0.4061302682,0.5435897436,0.4649122807,0.4061302682,0.5435897436,0.4649122807,./imgs_0710_2026_v1/output/train_replay_standardF1/resImgs/week03_TS10_mixed_robustdomain_GP_G10000_seed43_train_crack_00112.png
week03_TS10_mixed_robustdomain_GP_G10000_seed43,10,43,114,thin,1036,1082,303,0,0,0.4891406988,0.7737117252,0.5993636101,0.4891406988,0.7737117252,0.5993636101,./imgs_0710_2026_v1/output/train_replay_standardF1/resImgs/week03_TS10_mixed_robustdomain_GP_G10000_seed43_train_crack_00114.png
week03_TS10_mixed_robustdomain_GP_G10000_seed43,10,43,116,thin,318,455,970,0,0,0.4113842173,0.2468944099,0.3085880640,0.4113842173,0.2468944099,0.3085880640,./imgs_0710_2026_v1/output/train_replay_standardF1/resImgs/week03_TS10_mixed_robustdomain_GP_G10000_seed43_train_crack_00116.png
week03_TS10_mixed_robustdomain_GP_G10000_seed43,10,43,119,thick,11258,1627,4465,0,0,0.8737291424,0.7160211156,0.7870525727,0.8737291424,0.7160211156,0.7870525727,./imgs_0710_2026_v1/output/train_replay_standardF1/resImgs/week03_TS10_mixed_robustdomain_GP_G10000_seed43_train_crack_00119.png
week03_TS10_mixed_robustdomain_GP_G10000_seed43,10,43,121,thick,9551,4357,3711,0,0,0.6867270636,0.7201779520,0.7030548399,0.6867270636,0.7201779520,0.7030548399,./imgs_0710_2026_v1/output/train_replay_standardF1/resImgs/week03_TS10_mixed_robustdomain_GP_G10000_seed43_train_crack_00121.png
week03_TS10_mixed_robustdomain_GP_G10000_seed43,10,43,122,thick,11191,5532,2799,0,0,0.6691981104,0.7999285204,0.7287467847,0.6691981104,0.7999285204,0.7287467847,./imgs_0710_2026_v1/output/train_replay_standardF1/resImgs/week03_TS10_mixed_robustdomain_GP_G10000_seed43_train_crack_00122.png
week03_TS10_mixed_robustdomain_GP_G10000_seed43,10,43,125,thick,8086,3791,1358,0,0,0.6808116528,0.8562049979,0.7585010084,0.6808116528,0.8562049979,0.7585010084,./imgs_0710_2026_v1/output/train_replay_standardF1/resImgs/week03_TS10_mixed_robustdomain_GP_G10000_seed43_train_crack_00125.png
week03_TS10_mixed_robustdomain_GP_G10000_seed43,10,43,126,thick,5892,14991,1359,0,0,0.2821433702,0.8125775755,0.4188526338,0.2821433702,0.8125775755,0.4188526338,./imgs_0710_2026_v1/output/train_replay_standardF1/resImgs/week03_TS10_mixed_robustdomain_GP_G10000_seed43_train_crack_00126.png
week03_TS10_mixed_robustdomain_GP_G10000_seed43,10,43,130,thick,5160,6070,1179,0,0,0.4594835263,0.8140085187,0.5873982583,0.4594835263,0.8140085187,0.5873982583,./imgs_0710_2026_v1/output/train_replay_standardF1/resImgs/week03_TS10_mixed_robustdomain_GP_G10000_seed43_train_crack_00130.png
week03_TS10_mixed_robustdomain_GP_G10000_seed44,10,44,111,thin,821,791,488,0,0,0.5093052109,0.6271963331,0.5621362547,0.5093052109,0.6271963331,0.5621362547,./imgs_0710_2026_v1/output/train_replay_standardF1/resImgs/week03_TS10_mixed_robustdomain_GP_G10000_seed44_train_crack_00111.png
week03_TS10_mixed_robustdomain_GP_G10000_seed44,10,44,112,thin,753,836,612,0,0,0.4738829452,0.5516483516,0.5098171970,0.4738829452,0.5516483516,0.5098171970,./imgs_0710_2026_v1/output/train_replay_standardF1/resImgs/week03_TS10_mixed_robustdomain_GP_G10000_seed44_train_crack_00112.png
week03_TS10_mixed_robustdomain_GP_G10000_seed44,10,44,114,thin,1045,819,294,0,0,0.5606223176,0.7804331591,0.6525132688,0.5606223176,0.7804331591,0.6525132688,./imgs_0710_2026_v1/output/train_replay_standardF1/resImgs/week03_TS10_mixed_robustdomain_GP_G10000_seed44_train_crack_00114.png
week03_TS10_mixed_robustdomain_GP_G10000_seed44,10,44,116,thin,367,214,921,0,0,0.6316695353,0.2849378882,0.3927233815,0.6316695353,0.2849378882,0.3927233815,./imgs_0710_2026_v1/output/train_replay_standardF1/resImgs/week03_TS10_mixed_robustdomain_GP_G10000_seed44_train_crack_00116.png
week03_TS10_mixed_robustdomain_GP_G10000_seed44,10,44,119,thick,13048,1729,2675,0,0,0.8829938418,0.8298670737,0.8556065574,0.8829938418,0.8298670737,0.8556065574,./imgs_0710_2026_v1/output/train_replay_standardF1/resImgs/week03_TS10_mixed_robustdomain_GP_G10000_seed44_train_crack_00119.png
week03_TS10_mixed_robustdomain_GP_G10000_seed44,10,44,121,thick,9454,1788,3808,0,0,0.8409535670,0.7128638214,0.7716291218,0.8409535670,0.7128638214,0.7716291218,./imgs_0710_2026_v1/output/train_replay_standardF1/resImgs/week03_TS10_mixed_robustdomain_GP_G10000_seed44_train_crack_00121.png
week03_TS10_mixed_robustdomain_GP_G10000_seed44,10,44,122,thick,12467,4854,1523,0,0,0.7197621384,0.8911365261,0.7963335569,0.7197621384,0.8911365261,0.7963335569,./imgs_0710_2026_v1/output/train_replay_standardF1/resImgs/week03_TS10_mixed_robustdomain_GP_G10000_seed44_train_crack_00122.png
week03_TS10_mixed_robustdomain_GP_G10000_seed44,10,44,125,thick,8773,3387,671,0,0,0.7214638158,0.9289495976,0.8121644140,0.7214638158,0.9289495976,0.8121644140,./imgs_0710_2026_v1/output/train_replay_standardF1/resImgs/week03_TS10_mixed_robustdomain_GP_G10000_seed44_train_crack_00125.png
week03_TS10_mixed_robustdomain_GP_G10000_seed44,10,44,126,thick,6706,15895,545,0,0,0.2967125348,0.9248379534,0.4492831301,0.2967125348,0.9248379534,0.4492831301,./imgs_0710_2026_v1/output/train_replay_standardF1/resImgs/week03_TS10_mixed_robustdomain_GP_G10000_seed44_train_crack_00126.png
week03_TS10_mixed_robustdomain_GP_G10000_seed44,10,44,130,thick,6027,21714,312,0,0,0.2172596518,0.9507808803,0.3536971831,0.2172596518,0.9507808803,0.3536971831,./imgs_0710_2026_v1/output/train_replay_standardF1/resImgs/week03_TS10_mixed_robustdomain_GP_G10000_seed44_train_crack_00130.png
week03_TS10_mixed_robustdomain_GP_G10000_seed45,10,45,111,thin,739,672,570,0,0,0.5237420269,0.5645530940,0.5433823529,0.5237420269,0.5645530940,0.5433823529,./imgs_0710_2026_v1/output/train_replay_standardF1/resImgs/week03_TS10_mixed_robustdomain_GP_G10000_seed45_train_crack_00111.png
week03_TS10_mixed_robustdomain_GP_G10000_seed45,10,45,112,thin,767,823,598,0,0,0.4823899371,0.5619047619,0.5191201354,0.4823899371,0.5619047619,0.5191201354,./imgs_0710_2026_v1/output/train_replay_standardF1/resImgs/week03_TS10_mixed_robustdomain_GP_G10000_seed45_train_crack_00112.png
week03_TS10_mixed_robustdomain_GP_G10000_seed45,10,45,114,thin,1055,843,284,0,0,0.5558482613,0.7879014190,0.6518381217,0.5558482613,0.7879014190,0.6518381217,./imgs_0710_2026_v1/output/train_replay_standardF1/resImgs/week03_TS10_mixed_robustdomain_GP_G10000_seed45_train_crack_00114.png
week03_TS10_mixed_robustdomain_GP_G10000_seed45,10,45,116,thin,135,127,1153,0,0,0.5152671756,0.1048136646,0.1741935484,0.5152671756,0.1048136646,0.1741935484,./imgs_0710_2026_v1/output/train_replay_standardF1/resImgs/week03_TS10_mixed_robustdomain_GP_G10000_seed45_train_crack_00116.png
week03_TS10_mixed_robustdomain_GP_G10000_seed45,10,45,119,thick,12503,2258,3220,0,0,0.8470293341,0.7952044775,0.8202991733,0.8470293341,0.7952044775,0.8202991733,./imgs_0710_2026_v1/output/train_replay_standardF1/resImgs/week03_TS10_mixed_robustdomain_GP_G10000_seed45_train_crack_00119.png
week03_TS10_mixed_robustdomain_GP_G10000_seed45,10,45,121,thick,10025,5131,3237,0,0,0.6614542096,0.7559191675,0.7055387431,0.6614542096,0.7559191675,0.7055387431,./imgs_0710_2026_v1/output/train_replay_standardF1/resImgs/week03_TS10_mixed_robustdomain_GP_G10000_seed45_train_crack_00121.png
week03_TS10_mixed_robustdomain_GP_G10000_seed45,10,45,122,thick,12429,4630,1561,0,0,0.7285890146,0.8884203002,0.8006054945,0.7285890146,0.8884203002,0.8006054945,./imgs_0710_2026_v1/output/train_replay_standardF1/resImgs/week03_TS10_mixed_robustdomain_GP_G10000_seed45_train_crack_00122.png
week03_TS10_mixed_robustdomain_GP_G10000_seed45,10,45,125,thick,8951,591,493,0,0,0.9380632991,0.9477975434,0.9429052986,0.9380632991,0.9477975434,0.9429052986,./imgs_0710_2026_v1/output/train_replay_standardF1/resImgs/week03_TS10_mixed_robustdomain_GP_G10000_seed45_train_crack_00125.png
week03_TS10_mixed_robustdomain_GP_G10000_seed45,10,45,126,thick,6720,1919,531,0,0,0.7778678088,0.9267687216,0.8458149780,0.7778678088,0.9267687216,0.8458149780,./imgs_0710_2026_v1/output/train_replay_standardF1/resImgs/week03_TS10_mixed_robustdomain_GP_G10000_seed45_train_crack_00126.png
week03_TS10_mixed_robustdomain_GP_G10000_seed45,10,45,130,thick,5577,1436,762,0,0,0.7952374162,0.8797917653,0.8353804673,0.7952374162,0.8797917653,0.8353804673,./imgs_0710_2026_v1/output/train_replay_standardF1/resImgs/week03_TS10_mixed_robustdomain_GP_G10000_seed45_train_crack_00130.png
week03_TS10_mixed_robustdomain_GP_G10000_seed46,10,46,111,thin,860,638,449,0,0,0.5740987984,0.6569900688,0.6127538297,0.5740987984,0.6569900688,0.6127538297,./imgs_0710_2026_v1/output/train_replay_standardF1/resImgs/week03_TS10_mixed_robustdomain_GP_G10000_seed46_train_crack_00111.png
week03_TS10_mixed_robustdomain_GP_G10000_seed46,10,46,112,thin,744,516,621,0,0,0.5904761905,0.5450549451,0.5668571429,0.5904761905,0.5450549451,0.5668571429,./imgs_0710_2026_v1/output/train_replay_standardF1/resImgs/week03_TS10_mixed_robustdomain_GP_G10000_seed46_train_crack_00112.png
week03_TS10_mixed_robustdomain_GP_G10000_seed46,10,46,114,thin,1025,763,314,0,0,0.5732662192,0.7654966393,0.6555804285,0.5732662192,0.7654966393,0.6555804285,./imgs_0710_2026_v1/output/train_replay_standardF1/resImgs/week03_TS10_mixed_robustdomain_GP_G10000_seed46_train_crack_00114.png
week03_TS10_mixed_robustdomain_GP_G10000_seed46,10,46,116,thin,328,147,960,0,0,0.6905263158,0.2546583851,0.3720930233,0.6905263158,0.2546583851,0.3720930233,./imgs_0710_2026_v1/output/train_replay_standardF1/resImgs/week03_TS10_mixed_robustdomain_GP_G10000_seed46_train_crack_00116.png
week03_TS10_mixed_robustdomain_GP_G10000_seed46,10,46,119,thick,12006,1315,3717,0,0,0.9012836874,0.7635947338,0.8267456273,0.9012836874,0.7635947338,0.8267456273,./imgs_0710_2026_v1/output/train_replay_standardF1/resImgs/week03_TS10_mixed_robustdomain_GP_G10000_seed46_train_crack_00119.png
week03_TS10_mixed_robustdomain_GP_G10000_seed46,10,46,121,thick,9049,1909,4213,0,0,0.8257893776,0.6823254411,0.7472336912,0.8257893776,0.6823254411,0.7472336912,./imgs_0710_2026_v1/output/train_replay_standardF1/resImgs/week03_TS10_mixed_robustdomain_GP_G10000_seed46_train_crack_00121.png
week03_TS10_mixed_robustdomain_GP_G10000_seed46,10,46,122,thick,11434,3827,2556,0,0,0.7492300636,0.8172980701,0.7817852381,0.7492300636,0.8172980701,0.7817852381,./imgs_0710_2026_v1/output/train_replay_standardF1/resImgs/week03_TS10_mixed_robustdomain_GP_G10000_seed46_train_crack_00122.png
week03_TS10_mixed_robustdomain_GP_G10000_seed46,10,46,125,thick,8197,4441,1247,0,0,0.6485994619,0.8679584922,0.7424146364,0.6485994619,0.8679584922,0.7424146364,./imgs_0710_2026_v1/output/train_replay_standardF1/resImgs/week03_TS10_mixed_robustdomain_GP_G10000_seed46_train_crack_00125.png
week03_TS10_mixed_robustdomain_GP_G10000_seed46,10,46,126,thick,5982,22760,1269,0,0,0.2081274790,0.8249896566,0.3323979663,0.2081274790,0.8249896566,0.3323979663,./imgs_0710_2026_v1/output/train_replay_standardF1/resImgs/week03_TS10_mixed_robustdomain_GP_G10000_seed46_train_crack_00126.png
week03_TS10_mixed_robustdomain_GP_G10000_seed46,10,46,130,thick,5412,12514,927,0,0,0.3019078434,0.8537624231,0.4460745930,0.3019078434,0.8537624231,0.4460745930,./imgs_0710_2026_v1/output/train_replay_standardF1/resImgs/week03_TS10_mixed_robustdomain_GP_G10000_seed46_train_crack_00130.png
week03_TS10_mixed_robustdomain_GP_G10000_seed47,10,47,111,thin,816,612,493,0,0,0.5714285714,0.6233766234,0.5962732919,0.5714285714,0.6233766234,0.5962732919,./imgs_0710_2026_v1/output/train_replay_standardF1/resImgs/week03_TS10_mixed_robustdomain_GP_G10000_seed47_train_crack_00111.png
week03_TS10_mixed_robustdomain_GP_G10000_seed47,10,47,112,thin,779,670,586,0,0,0.5376121463,0.5706959707,0.5536602701,0.5376121463,0.5706959707,0.5536602701,./imgs_0710_2026_v1/output/train_replay_standardF1/resImgs/week03_TS10_mixed_robustdomain_GP_G10000_seed47_train_crack_00112.png
week03_TS10_mixed_robustdomain_GP_G10000_seed47,10,47,114,thin,998,585,341,0,0,0.6304485155,0.7453323376,0.6830937714,0.6304485155,0.7453323376,0.6830937714,./imgs_0710_2026_v1/output/train_replay_standardF1/resImgs/week03_TS10_mixed_robustdomain_GP_G10000_seed47_train_crack_00114.png
week03_TS10_mixed_robustdomain_GP_G10000_seed47,10,47,116,thin,310,123,978,0,0,0.7159353349,0.2406832298,0.3602556653,0.7159353349,0.2406832298,0.3602556653,./imgs_0710_2026_v1/output/train_replay_standardF1/resImgs/week03_TS10_mixed_robustdomain_GP_G10000_seed47_train_crack_00116.png
week03_TS10_mixed_robustdomain_GP_G10000_seed47,10,47,119,thick,11884,1316,3839,0,0,0.9003030303,0.7558354004,0.8217681430,0.9003030303,0.7558354004,0.8217681430,./imgs_0710_2026_v1/output/train_replay_standardF1/resImgs/week03_TS10_mixed_robustdomain_GP_G10000_seed47_train_crack_00119.png
week03_TS10_mixed_robustdomain_GP_G10000_seed47,10,47,121,thick,9369,3101,3893,0,0,0.7513231756,0.7064545317,0.7281983522,0.7513231756,0.7064545317,0.7281983522,./imgs_0710_2026_v1/output/train_replay_standardF1/resImgs/week03_TS10_mixed_robustdomain_GP_G10000_seed47_train_crack_00121.png
week03_TS10_mixed_robustdomain_GP_G10000_seed47,10,47,122,thick,11901,3339,2089,0,0,0.7809055118,0.8506790565,0.8143003763,0.7809055118,0.8506790565,0.8143003763,./imgs_0710_2026_v1/output/train_replay_standardF1/resImgs/week03_TS10_mixed_robustdomain_GP_G10000_seed47_train_crack_00122.png
week03_TS10_mixed_robustdomain_GP_G10000_seed47,10,47,125,thick,8566,1663,878,0,0,0.8374230130,0.9070309191,0.8708382046,0.8374230130,0.9070309191,0.8708382046,./imgs_0710_2026_v1/output/train_replay_standardF1/resImgs/week03_TS10_mixed_robustdomain_GP_G10000_seed47_train_crack_00125.png
week03_TS10_mixed_robustdomain_GP_G10000_seed47,10,47,126,thick,6266,5697,985,0,0,0.5237816601,0.8641566680,0.6522327470,0.5237816601,0.8641566680,0.6522327470,./imgs_0710_2026_v1/output/train_replay_standardF1/resImgs/week03_TS10_mixed_robustdomain_GP_G10000_seed47_train_crack_00126.png
week03_TS10_mixed_robustdomain_GP_G10000_seed47,10,47,130,thick,5617,2066,722,0,0,0.7310946245,0.8861019088,0.8011695906,0.7310946245,0.8861019088,0.8011695906,./imgs_0710_2026_v1/output/train_replay_standardF1/resImgs/week03_TS10_mixed_robustdomain_GP_G10000_seed47_train_crack_00130.png
week03_TS20_mixed_robustdomain_GP_G10000_seed42,20,42,111,thin,719,754,590,0,0,0.4881194840,0.5492742552,0.5168943206,0.4881194840,0.5492742552,0.5168943206,./imgs_0710_2026_v1/output/train_replay_standardF1/resImgs/week03_TS20_mixed_robustdomain_GP_G10000_seed42_train_crack_00111.png
week03_TS20_mixed_robustdomain_GP_G10000_seed42,20,42,112,thin,653,636,712,0,0,0.5065942591,0.4783882784,0.4920874152,0.5065942591,0.4783882784,0.4920874152,./imgs_0710_2026_v1/output/train_replay_standardF1/resImgs/week03_TS20_mixed_robustdomain_GP_G10000_seed42_train_crack_00112.png
week03_TS20_mixed_robustdomain_GP_G10000_seed42,20,42,113,thin,494,370,848,0,0,0.5717592593,0.3681073025,0.4478694470,0.5717592593,0.3681073025,0.4478694470,./imgs_0710_2026_v1/output/train_replay_standardF1/resImgs/week03_TS20_mixed_robustdomain_GP_G10000_seed42_train_crack_00113.png
week03_TS20_mixed_robustdomain_GP_G10000_seed42,20,42,114,thin,956,904,383,0,0,0.5139784946,0.7139656460,0.5976867771,0.5139784946,0.7139656460,0.5976867771,./imgs_0710_2026_v1/output/train_replay_standardF1/resImgs/week03_TS20_mixed_robustdomain_GP_G10000_seed42_train_crack_00114.png
week03_TS20_mixed_robustdomain_GP_G10000_seed42,20,42,115,thin,780,961,1023,0,0,0.4480183802,0.4326123128,0.4401805869,0.4480183802,0.4326123128,0.4401805869,./imgs_0710_2026_v1/output/train_replay_standardF1/resImgs/week03_TS20_mixed_robustdomain_GP_G10000_seed42_train_crack_00115.png
week03_TS20_mixed_robustdomain_GP_G10000_seed42,20,42,116,thin,166,90,1122,0,0,0.6484375000,0.1288819876,0.2150259067,0.6484375000,0.1288819876,0.2150259067,./imgs_0710_2026_v1/output/train_replay_standardF1/resImgs/week03_TS20_mixed_robustdomain_GP_G10000_seed42_train_crack_00116.png
week03_TS20_mixed_robustdomain_GP_G10000_seed42,20,42,117,thin,1017,673,757,0,0,0.6017751479,0.5732807215,0.5871824480,0.6017751479,0.5732807215,0.5871824480,./imgs_0710_2026_v1/output/train_replay_standardF1/resImgs/week03_TS20_mixed_robustdomain_GP_G10000_seed42_train_crack_00117.png
week03_TS20_mixed_robustdomain_GP_G10000_seed42,20,42,118,thin,473,349,611,0,0,0.5754257908,0.4363468635,0.4963273872,0.5754257908,0.4363468635,0.4963273872,./imgs_0710_2026_v1/output/train_replay_standardF1/resImgs/week03_TS20_mixed_robustdomain_GP_G10000_seed42_train_crack_00118.png
week03_TS20_mixed_robustdomain_GP_G10000_seed42,20,42,119,thick,13996,31648,1727,0,0,0.3066339497,0.8901609108,0.4561409226,0.3066339497,0.8901609108,0.4561409226,./imgs_0710_2026_v1/output/train_replay_standardF1/resImgs/week03_TS20_mixed_robustdomain_GP_G10000_seed42_train_crack_00119.png
week03_TS20_mixed_robustdomain_GP_G10000_seed42,20,42,120,thick,1247,33089,55,0,0,0.0363175676,0.9577572965,0.0699814804,0.0363175676,0.9577572965,0.0699814804,./imgs_0710_2026_v1/output/train_replay_standardF1/resImgs/week03_TS20_mixed_robustdomain_GP_G10000_seed42_train_crack_00120.png
week03_TS20_mixed_robustdomain_GP_G10000_seed42,20,42,121,thick,11894,31574,1368,0,0,0.2736265759,0.8968481375,0.4193195840,0.2736265759,0.8968481375,0.4193195840,./imgs_0710_2026_v1/output/train_replay_standardF1/resImgs/week03_TS20_mixed_robustdomain_GP_G10000_seed42_train_crack_00121.png
week03_TS20_mixed_robustdomain_GP_G10000_seed42,20,42,122,thick,13192,21852,798,0,0,0.3764410455,0.9429592566,0.5380756210,0.3764410455,0.9429592566,0.5380756210,./imgs_0710_2026_v1/output/train_replay_standardF1/resImgs/week03_TS20_mixed_robustdomain_GP_G10000_seed42_train_crack_00122.png
week03_TS20_mixed_robustdomain_GP_G10000_seed42,20,42,123,thick,11562,28887,606,0,0,0.2858414299,0.9501972387,0.4394777353,0.2858414299,0.9501972387,0.4394777353,./imgs_0710_2026_v1/output/train_replay_standardF1/resImgs/week03_TS20_mixed_robustdomain_GP_G10000_seed42_train_crack_00123.png
week03_TS20_mixed_robustdomain_GP_G10000_seed42,20,42,124,thick,2290,26041,283,0,0,0.0808301860,0.8900116595,0.1482008801,0.0808301860,0.8900116595,0.1482008801,./imgs_0710_2026_v1/output/train_replay_standardF1/resImgs/week03_TS20_mixed_robustdomain_GP_G10000_seed42_train_crack_00124.png
week03_TS20_mixed_robustdomain_GP_G10000_seed42,20,42,125,thick,7051,2599,2393,0,0,0.7306735751,0.7466116053,0.7385566146,0.7306735751,0.7466116053,0.7385566146,./imgs_0710_2026_v1/output/train_replay_standardF1/resImgs/week03_TS20_mixed_robustdomain_GP_G10000_seed42_train_crack_00125.png
week03_TS20_mixed_robustdomain_GP_G10000_seed42,20,42,126,thick,6335,2424,916,0,0,0.7232560795,0.8736725969,0.7913803873,0.7232560795,0.8736725969,0.7913803873,./imgs_0710_2026_v1/output/train_replay_standardF1/resImgs/week03_TS20_mixed_robustdomain_GP_G10000_seed42_train_crack_00126.png
week03_TS20_mixed_robustdomain_GP_G10000_seed42,20,42,127,thick,4506,1154,698,0,0,0.7961130742,0.8658724058,0.8295287187,0.7961130742,0.8658724058,0.8295287187,./imgs_0710_2026_v1/output/train_replay_standardF1/resImgs/week03_TS20_mixed_robustdomain_GP_G10000_seed42_train_crack_00127.png
week03_TS20_mixed_robustdomain_GP_G10000_seed42,20,42,128,thick,3794,2371,670,0,0,0.6154095702,0.8499103943,0.7138959451,0.6154095702,0.8499103943,0.7138959451,./imgs_0710_2026_v1/output/train_replay_standardF1/resImgs/week03_TS20_mixed_robustdomain_GP_G10000_seed42_train_crack_00128.png
week03_TS20_mixed_robustdomain_GP_G10000_seed42,20,42,129,thick,4002,2186,353,0,0,0.6467356173,0.9189437428,0.7591767049,0.6467356173,0.9189437428,0.7591767049,./imgs_0710_2026_v1/output/train_replay_standardF1/resImgs/week03_TS20_mixed_robustdomain_GP_G10000_seed42_train_crack_00129.png
week03_TS20_mixed_robustdomain_GP_G10000_seed42,20,42,130,thick,5665,2137,674,0,0,0.7260958729,0.8936740811,0.8012163213,0.7260958729,0.8936740811,0.8012163213,./imgs_0710_2026_v1/output/train_replay_standardF1/resImgs/week03_TS20_mixed_robustdomain_GP_G10000_seed42_train_crack_00130.png
week03_TS20_mixed_robustdomain_GP_G10000_seed43,20,43,111,thin,721,813,588,0,0,0.4700130378,0.5508021390,0.5072106929,0.4700130378,0.5508021390,0.5072106929,./imgs_0710_2026_v1/output/train_replay_standardF1/resImgs/week03_TS20_mixed_robustdomain_GP_G10000_seed43_train_crack_00111.png
week03_TS20_mixed_robustdomain_GP_G10000_seed43,20,43,112,thin,663,721,702,0,0,0.4790462428,0.4857142857,0.4823572208,0.4790462428,0.4857142857,0.4823572208,./imgs_0710_2026_v1/output/train_replay_standardF1/resImgs/week03_TS20_mixed_robustdomain_GP_G10000_seed43_train_crack_00112.png
week03_TS20_mixed_robustdomain_GP_G10000_seed43,20,43,113,thin,501,422,841,0,0,0.5427952329,0.3733233979,0.4423841060,0.5427952329,0.3733233979,0.4423841060,./imgs_0710_2026_v1/output/train_replay_standardF1/resImgs/week03_TS20_mixed_robustdomain_GP_G10000_seed43_train_crack_00113.png
week03_TS20_mixed_robustdomain_GP_G10000_seed43,20,43,114,thin,853,607,486,0,0,0.5842465753,0.6370425691,0.6095033941,0.5842465753,0.6370425691,0.6095033941,./imgs_0710_2026_v1/output/train_replay_standardF1/resImgs/week03_TS20_mixed_robustdomain_GP_G10000_seed43_train_crack_00114.png
week03_TS20_mixed_robustdomain_GP_G10000_seed43,20,43,115,thin,913,1087,890,0,0,0.4565000000,0.5063782585,0.4801472522,0.4565000000,0.5063782585,0.4801472522,./imgs_0710_2026_v1/output/train_replay_standardF1/resImgs/week03_TS20_mixed_robustdomain_GP_G10000_seed43_train_crack_00115.png
week03_TS20_mixed_robustdomain_GP_G10000_seed43,20,43,116,thin,100,107,1188,0,0,0.4830917874,0.0776397516,0.1337792642,0.4830917874,0.0776397516,0.1337792642,./imgs_0710_2026_v1/output/train_replay_standardF1/resImgs/week03_TS20_mixed_robustdomain_GP_G10000_seed43_train_crack_00116.png
week03_TS20_mixed_robustdomain_GP_G10000_seed43,20,43,117,thin,912,642,862,0,0,0.5868725869,0.5140924464,0.5480769231,0.5868725869,0.5140924464,0.5480769231,./imgs_0710_2026_v1/output/train_replay_standardF1/resImgs/week03_TS20_mixed_robustdomain_GP_G10000_seed43_train_crack_00117.png
week03_TS20_mixed_robustdomain_GP_G10000_seed43,20,43,118,thin,621,979,463,0,0,0.3881250000,0.5728782288,0.4627421759,0.3881250000,0.5728782288,0.4627421759,./imgs_0710_2026_v1/output/train_replay_standardF1/resImgs/week03_TS20_mixed_robustdomain_GP_G10000_seed43_train_crack_00118.png
week03_TS20_mixed_robustdomain_GP_G10000_seed43,20,43,119,thick,14226,9693,1497,0,0,0.5947573059,0.9047891624,0.7177236265,0.5947573059,0.9047891624,0.7177236265,./imgs_0710_2026_v1/output/train_replay_standardF1/resImgs/week03_TS20_mixed_robustdomain_GP_G10000_seed43_train_crack_00119.png
week03_TS20_mixed_robustdomain_GP_G10000_seed43,20,43,120,thick,1245,7393,57,0,0,0.1441305858,0.9562211982,0.2505030181,0.1441305858,0.9562211982,0.2505030181,./imgs_0710_2026_v1/output/train_replay_standardF1/resImgs/week03_TS20_mixed_robustdomain_GP_G10000_seed43_train_crack_00120.png
week03_TS20_mixed_robustdomain_GP_G10000_seed43,20,43,121,thick,12007,16129,1255,0,0,0.4267486494,0.9053687227,0.5800763322,0.4267486494,0.9053687227,0.5800763322,./imgs_0710_2026_v1/output/train_replay_standardF1/resImgs/week03_TS20_mixed_robustdomain_GP_G10000_seed43_train_crack_00121.png
week03_TS20_mixed_robustdomain_GP_G10000_seed43,20,43,122,thick,13099,14827,891,0,0,0.4690610900,0.9363116512,0.6250119286,0.4690610900,0.9363116512,0.6250119286,./imgs_0710_2026_v1/output/train_replay_standardF1/resImgs/week03_TS20_mixed_robustdomain_GP_G10000_seed43_train_crack_00122.png
week03_TS20_mixed_robustdomain_GP_G10000_seed43,20,43,123,thick,12026,15551,142,0,0,0.4360880444,0.9883300460,0.6051578815,0.4360880444,0.9883300460,0.6051578815,./imgs_0710_2026_v1/output/train_replay_standardF1/resImgs/week03_TS20_mixed_robustdomain_GP_G10000_seed43_train_crack_00123.png
week03_TS20_mixed_robustdomain_GP_G10000_seed43,20,43,124,thick,2414,11279,159,0,0,0.1762944570,0.9382044306,0.2968154433,0.1762944570,0.9382044306,0.2968154433,./imgs_0710_2026_v1/output/train_replay_standardF1/resImgs/week03_TS20_mixed_robustdomain_GP_G10000_seed43_train_crack_00124.png
week03_TS20_mixed_robustdomain_GP_G10000_seed43,20,43,125,thick,7111,1464,2333,0,0,0.8292711370,0.7529648454,0.7892779843,0.8292711370,0.7529648454,0.7892779843,./imgs_0710_2026_v1/output/train_replay_standardF1/resImgs/week03_TS20_mixed_robustdomain_GP_G10000_seed43_train_crack_00125.png
week03_TS20_mixed_robustdomain_GP_G10000_seed43,20,43,126,thick,5629,9677,1622,0,0,0.3677642754,0.7763067163,0.4990911912,0.3677642754,0.7763067163,0.4990911912,./imgs_0710_2026_v1/output/train_replay_standardF1/resImgs/week03_TS20_mixed_robustdomain_GP_G10000_seed43_train_crack_00126.png
week03_TS20_mixed_robustdomain_GP_G10000_seed43,20,43,127,thick,4542,28158,662,0,0,0.1388990826,0.8727901614,0.2396580836,0.1388990826,0.8727901614,0.2396580836,./imgs_0710_2026_v1/output/train_replay_standardF1/resImgs/week03_TS20_mixed_robustdomain_GP_G10000_seed43_train_crack_00127.png
week03_TS20_mixed_robustdomain_GP_G10000_seed43,20,43,128,thick,3551,3268,913,0,0,0.5207508432,0.7954749104,0.6294425242,0.5207508432,0.7954749104,0.6294425242,./imgs_0710_2026_v1/output/train_replay_standardF1/resImgs/week03_TS20_mixed_robustdomain_GP_G10000_seed43_train_crack_00128.png
week03_TS20_mixed_robustdomain_GP_G10000_seed43,20,43,129,thick,3543,1049,812,0,0,0.7715592334,0.8135476464,0.7919973175,0.7715592334,0.8135476464,0.7919973175,./imgs_0710_2026_v1/output/train_replay_standardF1/resImgs/week03_TS20_mixed_robustdomain_GP_G10000_seed43_train_crack_00129.png
week03_TS20_mixed_robustdomain_GP_G10000_seed43,20,43,130,thick,5194,5886,1145,0,0,0.4687725632,0.8193721407,0.5963602962,0.4687725632,0.8193721407,0.5963602962,./imgs_0710_2026_v1/output/train_replay_standardF1/resImgs/week03_TS20_mixed_robustdomain_GP_G10000_seed43_train_crack_00130.png
week03_TS20_mixed_robustdomain_GP_G10000_seed44,20,44,111,thin,725,659,584,0,0,0.5238439306,0.5538579068,0.5384329744,0.5238439306,0.5538579068,0.5384329744,./imgs_0710_2026_v1/output/train_replay_standardF1/resImgs/week03_TS20_mixed_robustdomain_GP_G10000_seed44_train_crack_00111.png
week03_TS20_mixed_robustdomain_GP_G10000_seed44,20,44,112,thin,702,684,663,0,0,0.5064935065,0.5142857143,0.5103598691,0.5064935065,0.5142857143,0.5103598691,./imgs_0710_2026_v1/output/train_replay_standardF1/resImgs/week03_TS20_mixed_robustdomain_GP_G10000_seed44_train_crack_00112.png
week03_TS20_mixed_robustdomain_GP_G10000_seed44,20,44,113,thin,541,236,801,0,0,0.6962676963,0.4031296572,0.5106182161,0.6962676963,0.4031296572,0.5106182161,./imgs_0710_2026_v1/output/train_replay_standardF1/resImgs/week03_TS20_mixed_robustdomain_GP_G10000_seed44_train_crack_00113.png
week03_TS20_mixed_robustdomain_GP_G10000_seed44,20,44,114,thin,976,557,363,0,0,0.6366601435,0.7289021658,0.6796657382,0.6366601435,0.7289021658,0.6796657382,./imgs_0710_2026_v1/output/train_replay_standardF1/resImgs/week03_TS20_mixed_robustdomain_GP_G10000_seed44_train_crack_00114.png
week03_TS20_mixed_robustdomain_GP_G10000_seed44,20,44,115,thin,1012,796,791,0,0,0.5597345133,0.5612867443,0.5605095541,0.5597345133,0.5612867443,0.5605095541,./imgs_0710_2026_v1/output/train_replay_standardF1/resImgs/week03_TS20_mixed_robustdomain_GP_G10000_seed44_train_crack_00115.png
week03_TS20_mixed_robustdomain_GP_G10000_seed44,20,44,116,thin,245,190,1043,0,0,0.5632183908,0.1902173913,0.2843876959,0.5632183908,0.1902173913,0.2843876959,./imgs_0710_2026_v1/output/train_replay_standardF1/resImgs/week03_TS20_mixed_robustdomain_GP_G10000_seed44_train_crack_00116.png
week03_TS20_mixed_robustdomain_GP_G10000_seed44,20,44,117,thin,934,447,840,0,0,0.6763215062,0.5264937993,0.5920760697,0.6763215062,0.5264937993,0.5920760697,./imgs_0710_2026_v1/output/train_replay_standardF1/resImgs/week03_TS20_mixed_robustdomain_GP_G10000_seed44_train_crack_00117.png
week03_TS20_mixed_robustdomain_GP_G10000_seed44,20,44,118,thin,649,668,435,0,0,0.4927866363,0.5987084871,0.5406080800,0.4927866363,0.5987084871,0.5406080800,./imgs_0710_2026_v1/output/train_replay_standardF1/resImgs/week03_TS20_mixed_robustdomain_GP_G10000_seed44_train_crack_00118.png
week03_TS20_mixed_robustdomain_GP_G10000_seed44,20,44,119,thick,11689,1132,4034,0,0,0.9117073551,0.7434331871,0.8190162556,0.9117073551,0.7434331871,0.8190162556,./imgs_0710_2026_v1/output/train_replay_standardF1/resImgs/week03_TS20_mixed_robustdomain_GP_G10000_seed44_train_crack_00119.png
week03_TS20_mixed_robustdomain_GP_G10000_seed44,20,44,120,thick,717,337,585,0,0,0.6802656546,0.5506912442,0.6086587436,0.6802656546,0.5506912442,0.6086587436,./imgs_0710_2026_v1/output/train_replay_standardF1/resImgs/week03_TS20_mixed_robustdomain_GP_G10000_seed44_train_crack_00120.png
week03_TS20_mixed_robustdomain_GP_G10000_seed44,20,44,121,thick,9245,1888,4017,0,0,0.8304140843,0.6971045091,0.7579422013,0.8304140843,0.6971045091,0.7579422013,./imgs_0710_2026_v1/output/train_replay_standardF1/resImgs/week03_TS20_mixed_robustdomain_GP_G10000_seed44_train_crack_00121.png
week03_TS20_mixed_robustdomain_GP_G10000_seed44,20,44,122,thick,11128,3766,2862,0,0,0.7471465019,0.7954253038,0.7705303975,0.7471465019,0.7954253038,0.7705303975,./imgs_0710_2026_v1/output/train_replay_standardF1/resImgs/week03_TS20_mixed_robustdomain_GP_G10000_seed44_train_crack_00122.png
week03_TS20_mixed_robustdomain_GP_G10000_seed44,20,44,123,thick,8766,2782,3402,0,0,0.7590924835,0.7204142012,0.7392477652,0.7590924835,0.7204142012,0.7392477652,./imgs_0710_2026_v1/output/train_replay_standardF1/resImgs/week03_TS20_mixed_robustdomain_GP_G10000_seed44_train_crack_00123.png
week03_TS20_mixed_robustdomain_GP_G10000_seed44,20,44,124,thick,903,695,1670,0,0,0.5650813517,0.3509521959,0.4329896907,0.5650813517,0.3509521959,0.4329896907,./imgs_0710_2026_v1/output/train_replay_standardF1/resImgs/week03_TS20_mixed_robustdomain_GP_G10000_seed44_train_crack_00124.png
week03_TS20_mixed_robustdomain_GP_G10000_seed44,20,44,125,thick,7632,3364,1812,0,0,0.6940705711,0.8081321474,0.7467710372,0.6940705711,0.8081321474,0.7467710372,./imgs_0710_2026_v1/output/train_replay_standardF1/resImgs/week03_TS20_mixed_robustdomain_GP_G10000_seed44_train_crack_00125.png
week03_TS20_mixed_robustdomain_GP_G10000_seed44,20,44,126,thick,5872,17030,1379,0,0,0.2563968212,0.8098193353,0.3894803170,0.2563968212,0.8098193353,0.3894803170,./imgs_0710_2026_v1/output/train_replay_standardF1/resImgs/week03_TS20_mixed_robustdomain_GP_G10000_seed44_train_crack_00126.png
week03_TS20_mixed_robustdomain_GP_G10000_seed44,20,44,127,thick,4430,52059,774,0,0,0.0784223477,0.8512682552,0.1436143485,0.0784223477,0.8512682552,0.1436143485,./imgs_0710_2026_v1/output/train_replay_standardF1/resImgs/week03_TS20_mixed_robustdomain_GP_G10000_seed44_train_crack_00127.png
week03_TS20_mixed_robustdomain_GP_G10000_seed44,20,44,128,thick,3754,7830,710,0,0,0.3240676796,0.8409498208,0.4678464606,0.3240676796,0.8409498208,0.4678464606,./imgs_0710_2026_v1/output/train_replay_standardF1/resImgs/week03_TS20_mixed_robustdomain_GP_G10000_seed44_train_crack_00128.png
week03_TS20_mixed_robustdomain_GP_G10000_seed44,20,44,129,thick,3748,2378,607,0,0,0.6118184786,0.8606199770,0.7151989314,0.6118184786,0.8606199770,0.7151989314,./imgs_0710_2026_v1/output/train_replay_standardF1/resImgs/week03_TS20_mixed_robustdomain_GP_G10000_seed44_train_crack_00129.png
week03_TS20_mixed_robustdomain_GP_G10000_seed44,20,44,130,thick,5295,15345,1044,0,0,0.2565406977,0.8353052532,0.3925275214,0.2565406977,0.8353052532,0.3925275214,./imgs_0710_2026_v1/output/train_replay_standardF1/resImgs/week03_TS20_mixed_robustdomain_GP_G10000_seed44_train_crack_00130.png
week03_TS20_mixed_robustdomain_GP_G10000_seed45,20,45,111,thin,818,687,491,0,0,0.5435215947,0.6249045073,0.5813788202,0.5435215947,0.6249045073,0.5813788202,./imgs_0710_2026_v1/output/train_replay_standardF1/resImgs/week03_TS20_mixed_robustdomain_GP_G10000_seed45_train_crack_00111.png
week03_TS20_mixed_robustdomain_GP_G10000_seed45,20,45,112,thin,792,1305,573,0,0,0.3776824034,0.5802197802,0.4575389948,0.3776824034,0.5802197802,0.4575389948,./imgs_0710_2026_v1/output/train_replay_standardF1/resImgs/week03_TS20_mixed_robustdomain_GP_G10000_seed45_train_crack_00112.png
week03_TS20_mixed_robustdomain_GP_G10000_seed45,20,45,113,thin,540,270,802,0,0,0.6666666667,0.4023845007,0.5018587361,0.6666666667,0.4023845007,0.5018587361,./imgs_0710_2026_v1/output/train_replay_standardF1/resImgs/week03_TS20_mixed_robustdomain_GP_G10000_seed45_train_crack_00113.png
week03_TS20_mixed_robustdomain_GP_G10000_seed45,20,45,114,thin,1047,757,292,0,0,0.5803769401,0.7819268111,0.6662424435,0.5803769401,0.7819268111,0.6662424435,./imgs_0710_2026_v1/output/train_replay_standardF1/resImgs/week03_TS20_mixed_robustdomain_GP_G10000_seed45_train_crack_00114.png
week03_TS20_mixed_robustdomain_GP_G10000_seed45,20,45,115,thin,1158,1477,645,0,0,0.4394686907,0.6422628952,0.5218566922,0.4394686907,0.6422628952,0.5218566922,./imgs_0710_2026_v1/output/train_replay_standardF1/resImgs/week03_TS20_mixed_robustdomain_GP_G10000_seed45_train_crack_00115.png
week03_TS20_mixed_robustdomain_GP_G10000_seed45,20,45,116,thin,377,263,911,0,0,0.5890625000,0.2927018634,0.3910788382,0.5890625000,0.2927018634,0.3910788382,./imgs_0710_2026_v1/output/train_replay_standardF1/resImgs/week03_TS20_mixed_robustdomain_GP_G10000_seed45_train_crack_00116.png
week03_TS20_mixed_robustdomain_GP_G10000_seed45,20,45,117,thin,1260,960,514,0,0,0.5675675676,0.7102593010,0.6309464196,0.5675675676,0.7102593010,0.6309464196,./imgs_0710_2026_v1/output/train_replay_standardF1/resImgs/week03_TS20_mixed_robustdomain_GP_G10000_seed45_train_crack_00117.png
week03_TS20_mixed_robustdomain_GP_G10000_seed45,20,45,118,thin,632,862,452,0,0,0.4230254351,0.5830258303,0.4903025601,0.4230254351,0.5830258303,0.4903025601,./imgs_0710_2026_v1/output/train_replay_standardF1/resImgs/week03_TS20_mixed_robustdomain_GP_G10000_seed45_train_crack_00118.png
week03_TS20_mixed_robustdomain_GP_G10000_seed45,20,45,119,thick,12225,1010,3498,0,0,0.9236871930,0.7775233734,0.8443262656,0.9236871930,0.7775233734,0.8443262656,./imgs_0710_2026_v1/output/train_replay_standardF1/resImgs/week03_TS20_mixed_robustdomain_GP_G10000_seed45_train_crack_00119.png
week03_TS20_mixed_robustdomain_GP_G10000_seed45,20,45,120,thick,1107,1074,195,0,0,0.5075653370,0.8502304147,0.6356589147,0.5075653370,0.8502304147,0.6356589147,./imgs_0710_2026_v1/output/train_replay_standardF1/resImgs/week03_TS20_mixed_robustdomain_GP_G10000_seed45_train_crack_00120.png
week03_TS20_mixed_robustdomain_GP_G10000_seed45,20,45,121,thick,10150,2165,3112,0,0,0.8241981324,0.7653445936,0.7936818235,0.8241981324,0.7653445936,0.7936818235,./imgs_0710_2026_v1/output/train_replay_standardF1/resImgs/week03_TS20_mixed_robustdomain_GP_G10000_seed45_train_crack_00121.png
week03_TS20_mixed_robustdomain_GP_G10000_seed45,20,45,122,thick,11934,5843,2056,0,0,0.6713168701,0.8530378842,0.7513457361,0.6713168701,0.8530378842,0.7513457361,./imgs_0710_2026_v1/output/train_replay_standardF1/resImgs/week03_TS20_mixed_robustdomain_GP_G10000_seed45_train_crack_00122.png
week03_TS20_mixed_robustdomain_GP_G10000_seed45,20,45,123,thick,11564,5426,604,0,0,0.6806356680,0.9503616042,0.7931956924,0.6806356680,0.9503616042,0.7931956924,./imgs_0710_2026_v1/output/train_replay_standardF1/resImgs/week03_TS20_mixed_robustdomain_GP_G10000_seed45_train_crack_00123.png
week03_TS20_mixed_robustdomain_GP_G10000_seed45,20,45,124,thick,2198,2692,375,0,0,0.4494887526,0.8542557326,0.5890392604,0.4494887526,0.8542557326,0.5890392604,./imgs_0710_2026_v1/output/train_replay_standardF1/resImgs/week03_TS20_mixed_robustdomain_GP_G10000_seed45_train_crack_00124.png
week03_TS20_mixed_robustdomain_GP_G10000_seed45,20,45,125,thick,5654,2203,3790,0,0,0.7196130839,0.5986869970,0.6536038379,0.7196130839,0.5986869970,0.6536038379,./imgs_0710_2026_v1/output/train_replay_standardF1/resImgs/week03_TS20_mixed_robustdomain_GP_G10000_seed45_train_crack_00125.png
week03_TS20_mixed_robustdomain_GP_G10000_seed45,20,45,126,thick,6229,5300,1022,0,0,0.5402897042,0.8590539236,0.6633652822,0.5402897042,0.8590539236,0.6633652822,./imgs_0710_2026_v1/output/train_replay_standardF1/resImgs/week03_TS20_mixed_robustdomain_GP_G10000_seed45_train_crack_00126.png
week03_TS20_mixed_robustdomain_GP_G10000_seed45,20,45,127,thick,3742,2031,1462,0,0,0.6481898493,0.7190622598,0.6817891956,0.6481898493,0.7190622598,0.6817891956,./imgs_0710_2026_v1/output/train_replay_standardF1/resImgs/week03_TS20_mixed_robustdomain_GP_G10000_seed45_train_crack_00127.png
week03_TS20_mixed_robustdomain_GP_G10000_seed45,20,45,128,thick,3836,3882,628,0,0,0.4970199534,0.8593189964,0.6297816451,0.4970199534,0.8593189964,0.6297816451,./imgs_0710_2026_v1/output/train_replay_standardF1/resImgs/week03_TS20_mixed_robustdomain_GP_G10000_seed45_train_crack_00128.png
week03_TS20_mixed_robustdomain_GP_G10000_seed45,20,45,129,thick,3541,1972,814,0,0,0.6423000181,0.8130884041,0.7176732874,0.6423000181,0.8130884041,0.7176732874,./imgs_0710_2026_v1/output/train_replay_standardF1/resImgs/week03_TS20_mixed_robustdomain_GP_G10000_seed45_train_crack_00129.png
week03_TS20_mixed_robustdomain_GP_G10000_seed45,20,45,130,thick,4845,2776,1494,0,0,0.6357433408,0.7643161382,0.6941260745,0.6357433408,0.7643161382,0.6941260745,./imgs_0710_2026_v1/output/train_replay_standardF1/resImgs/week03_TS20_mixed_robustdomain_GP_G10000_seed45_train_crack_00130.png
week03_TS20_mixed_robustdomain_GP_G10000_seed46,20,46,111,thin,795,572,514,0,0,0.5815654718,0.6073338426,0.5941704036,0.5815654718,0.6073338426,0.5941704036,./imgs_0710_2026_v1/output/train_replay_standardF1/resImgs/week03_TS20_mixed_robustdomain_GP_G10000_seed46_train_crack_00111.png
week03_TS20_mixed_robustdomain_GP_G10000_seed46,20,46,112,thin,720,619,645,0,0,0.5377147125,0.5274725275,0.5325443787,0.5377147125,0.5274725275,0.5325443787,./imgs_0710_2026_v1/output/train_replay_standardF1/resImgs/week03_TS20_mixed_robustdomain_GP_G10000_seed46_train_crack_00112.png
week03_TS20_mixed_robustdomain_GP_G10000_seed46,20,46,113,thin,610,348,732,0,0,0.6367432150,0.4545454545,0.5304347826,0.6367432150,0.4545454545,0.5304347826,./imgs_0710_2026_v1/output/train_replay_standardF1/resImgs/week03_TS20_mixed_robustdomain_GP_G10000_seed46_train_crack_00113.png
week03_TS20_mixed_robustdomain_GP_G10000_seed46,20,46,114,thin,1055,796,284,0,0,0.5699621826,0.7879014190,0.6614420063,0.5699621826,0.7879014190,0.6614420063,./imgs_0710_2026_v1/output/train_replay_standardF1/resImgs/week03_TS20_mixed_robustdomain_GP_G10000_seed46_train_crack_00114.png
week03_TS20_mixed_robustdomain_GP_G10000_seed46,20,46,115,thin,1194,1038,609,0,0,0.5349462366,0.6622296173,0.5918215613,0.5349462366,0.6622296173,0.5918215613,./imgs_0710_2026_v1/output/train_replay_standardF1/resImgs/week03_TS20_mixed_robustdomain_GP_G10000_seed46_train_crack_00115.png
week03_TS20_mixed_robustdomain_GP_G10000_seed46,20,46,116,thin,244,211,1044,0,0,0.5362637363,0.1894409938,0.2799770511,0.5362637363,0.1894409938,0.2799770511,./imgs_0710_2026_v1/output/train_replay_standardF1/resImgs/week03_TS20_mixed_robustdomain_GP_G10000_seed46_train_crack_00116.png
week03_TS20_mixed_robustdomain_GP_G10000_seed46,20,46,117,thin,1121,567,653,0,0,0.6640995261,0.6319052988,0.6476025419,0.6640995261,0.6319052988,0.6476025419,./imgs_0710_2026_v1/output/train_replay_standardF1/resImgs/week03_TS20_mixed_robustdomain_GP_G10000_seed46_train_crack_00117.png
week03_TS20_mixed_robustdomain_GP_G10000_seed46,20,46,118,thin,723,717,361,0,0,0.5020833333,0.6669741697,0.5729001585,0.5020833333,0.6669741697,0.5729001585,./imgs_0710_2026_v1/output/train_replay_standardF1/resImgs/week03_TS20_mixed_robustdomain_GP_G10000_seed46_train_crack_00118.png
week03_TS20_mixed_robustdomain_GP_G10000_seed46,20,46,119,thick,12703,4825,3020,0,0,0.7247261524,0.8079246963,0.7640672461,0.7247261524,0.8079246963,0.7640672461,./imgs_0710_2026_v1/output/train_replay_standardF1/resImgs/week03_TS20_mixed_robustdomain_GP_G10000_seed46_train_crack_00119.png
week03_TS20_mixed_robustdomain_GP_G10000_seed46,20,46,120,thick,835,570,467,0,0,0.5943060498,0.6413210445,0.6169190986,0.5943060498,0.6413210445,0.6169190986,./imgs_0710_2026_v1/output/train_replay_standardF1/resImgs/week03_TS20_mixed_robustdomain_GP_G10000_seed46_train_crack_00120.png
week03_TS20_mixed_robustdomain_GP_G10000_seed46,20,46,121,thick,10682,5681,2580,0,0,0.6528142761,0.8054592068,0.7211476793,0.6528142761,0.8054592068,0.7211476793,./imgs_0710_2026_v1/output/train_replay_standardF1/resImgs/week03_TS20_mixed_robustdomain_GP_G10000_seed46_train_crack_00121.png
week03_TS20_mixed_robustdomain_GP_G10000_seed46,20,46,122,thick,12178,5859,1812,0,0,0.6751677108,0.8704789135,0.7604833422,0.6751677108,0.8704789135,0.7604833422,./imgs_0710_2026_v1/output/train_replay_standardF1/resImgs/week03_TS20_mixed_robustdomain_GP_G10000_seed46_train_crack_00122.png
week03_TS20_mixed_robustdomain_GP_G10000_seed46,20,46,123,thick,9724,5521,2444,0,0,0.6378484749,0.7991452991,0.7094444242,0.6378484749,0.7991452991,0.7094444242,./imgs_0710_2026_v1/output/train_replay_standardF1/resImgs/week03_TS20_mixed_robustdomain_GP_G10000_seed46_train_crack_00123.png
week03_TS20_mixed_robustdomain_GP_G10000_seed46,20,46,124,thick,931,1610,1642,0,0,0.3663911846,0.3618344345,0.3640985530,0.3663911846,0.3618344345,0.3640985530,./imgs_0710_2026_v1/output/train_replay_standardF1/resImgs/week03_TS20_mixed_robustdomain_GP_G10000_seed46_train_crack_00124.png
week03_TS20_mixed_robustdomain_GP_G10000_seed46,20,46,125,thick,8675,6684,769,0,0,0.5648154177,0.9185726387,0.6995121558,0.5648154177,0.9185726387,0.6995121558,./imgs_0710_2026_v1/output/train_replay_standardF1/resImgs/week03_TS20_mixed_robustdomain_GP_G10000_seed46_train_crack_00125.png
week03_TS20_mixed_robustdomain_GP_G10000_seed46,20,46,126,thick,6524,18527,727,0,0,0.2604287254,0.8997379672,0.4039378367,0.2604287254,0.8997379672,0.4039378367,./imgs_0710_2026_v1/output/train_replay_standardF1/resImgs/week03_TS20_mixed_robustdomain_GP_G10000_seed46_train_crack_00126.png
week03_TS20_mixed_robustdomain_GP_G10000_seed46,20,46,127,thick,4593,12242,611,0,0,0.2728244728,0.8825903151,0.4168065702,0.2728244728,0.8825903151,0.4168065702,./imgs_0710_2026_v1/output/train_replay_standardF1/resImgs/week03_TS20_mixed_robustdomain_GP_G10000_seed46_train_crack_00127.png
week03_TS20_mixed_robustdomain_GP_G10000_seed46,20,46,128,thick,3922,14306,542,0,0,0.2151634847,0.8785842294,0.3456724837,0.2151634847,0.8785842294,0.3456724837,./imgs_0710_2026_v1/output/train_replay_standardF1/resImgs/week03_TS20_mixed_robustdomain_GP_G10000_seed46_train_crack_00128.png
week03_TS20_mixed_robustdomain_GP_G10000_seed46,20,46,129,thick,3830,3940,525,0,0,0.4929214929,0.8794489093,0.6317525773,0.4929214929,0.8794489093,0.6317525773,./imgs_0710_2026_v1/output/train_replay_standardF1/resImgs/week03_TS20_mixed_robustdomain_GP_G10000_seed46_train_crack_00129.png
week03_TS20_mixed_robustdomain_GP_G10000_seed46,20,46,130,thick,5656,7031,683,0,0,0.4458106723,0.8922542988,0.5945548197,0.4458106723,0.8922542988,0.5945548197,./imgs_0710_2026_v1/output/train_replay_standardF1/resImgs/week03_TS20_mixed_robustdomain_GP_G10000_seed46_train_crack_00130.png
week03_TS20_mixed_robustdomain_GP_G10000_seed47,20,47,111,thin,824,576,485,0,0,0.5885714286,0.6294881589,0.6083425618,0.5885714286,0.6294881589,0.6083425618,./imgs_0710_2026_v1/output/train_replay_standardF1/resImgs/week03_TS20_mixed_robustdomain_GP_G10000_seed47_train_crack_00111.png
week03_TS20_mixed_robustdomain_GP_G10000_seed47,20,47,112,thin,834,811,531,0,0,0.5069908815,0.6109890110,0.5541528239,0.5069908815,0.6109890110,0.5541528239,./imgs_0710_2026_v1/output/train_replay_standardF1/resImgs/week03_TS20_mixed_robustdomain_GP_G10000_seed47_train_crack_00112.png
week03_TS20_mixed_robustdomain_GP_G10000_seed47,20,47,113,thin,813,437,529,0,0,0.6504000000,0.6058122206,0.6273148148,0.6504000000,0.6058122206,0.6273148148,./imgs_0710_2026_v1/output/train_replay_standardF1/resImgs/week03_TS20_mixed_robustdomain_GP_G10000_seed47_train_crack_00113.png
week03_TS20_mixed_robustdomain_GP_G10000_seed47,20,47,114,thin,1110,575,229,0,0,0.6587537092,0.8289768484,0.7341269841,0.6587537092,0.8289768484,0.7341269841,./imgs_0710_2026_v1/output/train_replay_standardF1/resImgs/week03_TS20_mixed_robustdomain_GP_G10000_seed47_train_crack_00114.png
week03_TS20_mixed_robustdomain_GP_G10000_seed47,20,47,115,thin,1094,854,709,0,0,0.5616016427,0.6067665003,0.5833111170,0.5616016427,0.6067665003,0.5833111170,./imgs_0710_2026_v1/output/train_replay_standardF1/resImgs/week03_TS20_mixed_robustdomain_GP_G10000_seed47_train_crack_00115.png
week03_TS20_mixed_robustdomain_GP_G10000_seed47,20,47,116,thin,541,227,747,0,0,0.7044270833,0.4200310559,0.5262645914,0.7044270833,0.4200310559,0.5262645914,./imgs_0710_2026_v1/output/train_replay_standardF1/resImgs/week03_TS20_mixed_robustdomain_GP_G10000_seed47_train_crack_00116.png
week03_TS20_mixed_robustdomain_GP_G10000_seed47,20,47,117,thin,1210,530,564,0,0,0.6954022989,0.6820744081,0.6886738759,0.6954022989,0.6820744081,0.6886738759,./imgs_0710_2026_v1/output/train_replay_standardF1/resImgs/week03_TS20_mixed_robustdomain_GP_G10000_seed47_train_crack_00117.png
week03_TS20_mixed_robustdomain_GP_G10000_seed47,20,47,118,thin,777,891,307,0,0,0.4658273381,0.7167896679,0.5646802326,0.4658273381,0.7167896679,0.5646802326,./imgs_0710_2026_v1/output/train_replay_standardF1/resImgs/week03_TS20_mixed_robustdomain_GP_G10000_seed47_train_crack_00118.png
week03_TS20_mixed_robustdomain_GP_G10000_seed47,20,47,119,thick,11049,595,4674,0,0,0.9489007214,0.7027284869,0.8074688493,0.9489007214,0.7027284869,0.8074688493,./imgs_0710_2026_v1/output/train_replay_standardF1/resImgs/week03_TS20_mixed_robustdomain_GP_G10000_seed47_train_crack_00119.png
week03_TS20_mixed_robustdomain_GP_G10000_seed47,20,47,120,thick,1101,528,201,0,0,0.6758747698,0.8456221198,0.7512794268,0.6758747698,0.8456221198,0.7512794268,./imgs_0710_2026_v1/output/train_replay_standardF1/resImgs/week03_TS20_mixed_robustdomain_GP_G10000_seed47_train_crack_00120.png
week03_TS20_mixed_robustdomain_GP_G10000_seed47,20,47,121,thick,8532,1064,4730,0,0,0.8891204669,0.6433418791,0.7465220054,0.8891204669,0.6433418791,0.7465220054,./imgs_0710_2026_v1/output/train_replay_standardF1/resImgs/week03_TS20_mixed_robustdomain_GP_G10000_seed47_train_crack_00121.png
week03_TS20_mixed_robustdomain_GP_G10000_seed47,20,47,122,thick,10827,3116,3163,0,0,0.7765186832,0.7739099357,0.7752121147,0.7765186832,0.7739099357,0.7752121147,./imgs_0710_2026_v1/output/train_replay_standardF1/resImgs/week03_TS20_mixed_robustdomain_GP_G10000_seed47_train_crack_00122.png
week03_TS20_mixed_robustdomain_GP_G10000_seed47,20,47,123,thick,10671,2961,1497,0,0,0.7827904930,0.8769723866,0.8272093023,0.7827904930,0.8769723866,0.8272093023,./imgs_0710_2026_v1/output/train_replay_standardF1/resImgs/week03_TS20_mixed_robustdomain_GP_G10000_seed47_train_crack_00123.png
week03_TS20_mixed_robustdomain_GP_G10000_seed47,20,47,124,thick,1692,896,881,0,0,0.6537867079,0.6575981345,0.6556868824,0.6537867079,0.6575981345,0.6556868824,./imgs_0710_2026_v1/output/train_replay_standardF1/resImgs/week03_TS20_mixed_robustdomain_GP_G10000_seed47_train_crack_00124.png
week03_TS20_mixed_robustdomain_GP_G10000_seed47,20,47,125,thick,7206,1500,2238,0,0,0.8277050310,0.7630241423,0.7940495868,0.8277050310,0.7630241423,0.7940495868,./imgs_0710_2026_v1/output/train_replay_standardF1/resImgs/week03_TS20_mixed_robustdomain_GP_G10000_seed47_train_crack_00125.png
week03_TS20_mixed_robustdomain_GP_G10000_seed47,20,47,126,thick,6323,2380,928,0,0,0.7265310812,0.8720176527,0.7926538799,0.7265310812,0.8720176527,0.7926538799,./imgs_0710_2026_v1/output/train_replay_standardF1/resImgs/week03_TS20_mixed_robustdomain_GP_G10000_seed47_train_crack_00126.png
week03_TS20_mixed_robustdomain_GP_G10000_seed47,20,47,127,thick,4080,1459,1124,0,0,0.7365950533,0.7840122982,0.7595643675,0.7365950533,0.7840122982,0.7595643675,./imgs_0710_2026_v1/output/train_replay_standardF1/resImgs/week03_TS20_mixed_robustdomain_GP_G10000_seed47_train_crack_00127.png
week03_TS20_mixed_robustdomain_GP_G10000_seed47,20,47,128,thick,3851,1848,613,0,0,0.6757325847,0.8626792115,0.7578470924,0.6757325847,0.8626792115,0.7578470924,./imgs_0710_2026_v1/output/train_replay_standardF1/resImgs/week03_TS20_mixed_robustdomain_GP_G10000_seed47_train_crack_00128.png
week03_TS20_mixed_robustdomain_GP_G10000_seed47,20,47,129,thick,3612,1880,743,0,0,0.6576839039,0.8293915040,0.7336244541,0.6576839039,0.8293915040,0.7336244541,./imgs_0710_2026_v1/output/train_replay_standardF1/resImgs/week03_TS20_mixed_robustdomain_GP_G10000_seed47_train_crack_00129.png
week03_TS20_mixed_robustdomain_GP_G10000_seed47,20,47,130,thick,5410,803,929,0,0,0.8707548688,0.8534469159,0.8620140217,0.8707548688,0.8534469159,0.8620140217,./imgs_0710_2026_v1/output/train_replay_standardF1/resImgs/week03_TS20_mixed_robustdomain_GP_G10000_seed47_train_crack_00130.png
